--------------------------------------------------------
--  File created - Thursday-May-16-2024   
--------------------------------------------------------
--------------------------------------------------------
--  DDL for Table CAR
--------------------------------------------------------

  CREATE TABLE "DRIVESATION"."CAR" 
   (	"CAR_ID" NUMBER(*,0), 
	"CAR_MODEL" VARCHAR2(255 BYTE), 
	"CAR_COLOR" VARCHAR2(255 BYTE), 
	"CAR_BRAND" VARCHAR2(255 BYTE), 
	"PLATE_NUMBER" VARCHAR2(255 BYTE), 
	"SEAT_CAPACITY" NUMBER(*,0), 
	"GAS_TYPE" VARCHAR2(255 BYTE), 
	"AVAILABILITY_STATUS" NUMBER(*,0), 
	"STATUS" NUMBER(*,0), 
	"OWNER_ID" NUMBER(*,0), 
	"AMOUNT" NUMBER, 
	"CAR_TYPE" VARCHAR2(255 BYTE), 
	"CAR_TITLE" VARCHAR2(255 BYTE), 
	"CAR_DESCRIPTION" VARCHAR2(500 BYTE), 
	"IS_DELETED" NUMBER DEFAULT 0, 
	"PAYMENT_STATUS" NUMBER(*,0)
   ) SEGMENT CREATION IMMEDIATE 
  PCTFREE 10 PCTUSED 40 INITRANS 1 MAXTRANS 255 
 NOCOMPRESS LOGGING
  STORAGE(INITIAL 65536 NEXT 1048576 MINEXTENTS 1 MAXEXTENTS 2147483645
  PCTINCREASE 0 FREELISTS 1 FREELIST GROUPS 1
  BUFFER_POOL DEFAULT FLASH_CACHE DEFAULT CELL_FLASH_CACHE DEFAULT)
  TABLESPACE "USERS" ;
--------------------------------------------------------
--  DDL for Table DOCUMENT
--------------------------------------------------------

  CREATE TABLE "DRIVESATION"."DOCUMENT" 
   (	"DOCUMENT_ID" NUMBER(*,0), 
	"DOCUMENT_NAME" VARCHAR2(255 BYTE), 
	"DOCUMENT_TYPE" VARCHAR2(255 BYTE), 
	"FILE_LINK" VARCHAR2(255 BYTE), 
	"USER_ID" NUMBER(*,0), 
	"CAR_ID" NUMBER(*,0)
   ) SEGMENT CREATION IMMEDIATE 
  PCTFREE 10 PCTUSED 40 INITRANS 1 MAXTRANS 255 
 NOCOMPRESS LOGGING
  STORAGE(INITIAL 65536 NEXT 1048576 MINEXTENTS 1 MAXEXTENTS 2147483645
  PCTINCREASE 0 FREELISTS 1 FREELIST GROUPS 1
  BUFFER_POOL DEFAULT FLASH_CACHE DEFAULT CELL_FLASH_CACHE DEFAULT)
  TABLESPACE "USERS" ;
--------------------------------------------------------
--  DDL for Table RATE
--------------------------------------------------------

  CREATE TABLE "DRIVESATION"."RATE" 
   (	"RATE_ID" NUMBER(*,0), 
	"CAR_ID" NUMBER(*,0), 
	"USER_ID" NUMBER(*,0), 
	"RATE_COUNT" NUMBER(*,0), 
	"RATE_COMMENT" VARCHAR2(255 BYTE), 
	"RATE_TIME" TIMESTAMP (6)
   ) SEGMENT CREATION IMMEDIATE 
  PCTFREE 10 PCTUSED 40 INITRANS 1 MAXTRANS 255 
 NOCOMPRESS LOGGING
  STORAGE(INITIAL 65536 NEXT 1048576 MINEXTENTS 1 MAXEXTENTS 2147483645
  PCTINCREASE 0 FREELISTS 1 FREELIST GROUPS 1
  BUFFER_POOL DEFAULT FLASH_CACHE DEFAULT CELL_FLASH_CACHE DEFAULT)
  TABLESPACE "USERS" ;
--------------------------------------------------------
--  DDL for Table RENT
--------------------------------------------------------

  CREATE TABLE "DRIVESATION"."RENT" 
   (	"RENT_ID" NUMBER(*,0), 
	"USER_ID" NUMBER(*,0), 
	"OWNER_ID" NUMBER(*,0), 
	"CAR_ID" NUMBER(*,0), 
	"PICK_UP_TIME" VARCHAR2(500 BYTE), 
	"RENT_DATE_FROM" DATE, 
	"RENT_DATE_TO" DATE, 
	"STATUS" NUMBER(*,0), 
	"TRANSACTION_DATE" TIMESTAMP (6)
   ) SEGMENT CREATION IMMEDIATE 
  PCTFREE 10 PCTUSED 40 INITRANS 1 MAXTRANS 255 
 NOCOMPRESS LOGGING
  STORAGE(INITIAL 65536 NEXT 1048576 MINEXTENTS 1 MAXEXTENTS 2147483645
  PCTINCREASE 0 FREELISTS 1 FREELIST GROUPS 1
  BUFFER_POOL DEFAULT FLASH_CACHE DEFAULT CELL_FLASH_CACHE DEFAULT)
  TABLESPACE "USERS" ;
--------------------------------------------------------
--  DDL for Table USER
--------------------------------------------------------

  CREATE TABLE "DRIVESATION"."USER" 
   (	"USER_ID" NUMBER(*,0), 
	"FIRST_NAME" VARCHAR2(255 BYTE), 
	"LAST_NAME" VARCHAR2(255 BYTE), 
	"MIDDLE_NAME" VARCHAR2(255 BYTE), 
	"CONTACT_NUMBER" NUMBER(*,0), 
	"ADDRESS" VARCHAR2(255 BYTE), 
	"GENDER" NUMBER(*,0), 
	"EMAIL_ADDRESS" VARCHAR2(255 BYTE), 
	"PASSWORD" VARCHAR2(255 BYTE), 
	"USER_ROLE" NUMBER(*,0), 
	"STATUS" NUMBER(*,0), 
	"BIRTHDATE" DATE, 
	"FREE_TRIAL" NUMBER(*,0) DEFAULT 1
   ) SEGMENT CREATION IMMEDIATE 
  PCTFREE 10 PCTUSED 40 INITRANS 1 MAXTRANS 255 
 NOCOMPRESS LOGGING
  STORAGE(INITIAL 65536 NEXT 1048576 MINEXTENTS 1 MAXEXTENTS 2147483645
  PCTINCREASE 0 FREELISTS 1 FREELIST GROUPS 1
  BUFFER_POOL DEFAULT FLASH_CACHE DEFAULT CELL_FLASH_CACHE DEFAULT)
  TABLESPACE "USERS" ;
REM INSERTING into DRIVESATION.CAR
SET DEFINE OFF;
Insert into DRIVESATION.CAR (CAR_ID,CAR_MODEL,CAR_COLOR,CAR_BRAND,PLATE_NUMBER,SEAT_CAPACITY,GAS_TYPE,AVAILABILITY_STATUS,STATUS,OWNER_ID,AMOUNT,CAR_TYPE,CAR_TITLE,CAR_DESCRIPTION,IS_DELETED,PAYMENT_STATUS) values (2,'SEDAN ','BLACK','BMW','LUV 2342',5,'Premium Gasoline',0,0,1002,5000,'BMW 3 Series','BMW 3 SERIES SEDAN 2010','Experience luxury and performance fused seamlessly in our BMW Sedan Series 3, a timeless icon of automotive excellence. Crafted in 2010, this model epitomizes the perfect harmony of sophistication and power.',0,0);
Insert into DRIVESATION.CAR (CAR_ID,CAR_MODEL,CAR_COLOR,CAR_BRAND,PLATE_NUMBER,SEAT_CAPACITY,GAS_TYPE,AVAILABILITY_STATUS,STATUS,OWNER_ID,AMOUNT,CAR_TYPE,CAR_TITLE,CAR_DESCRIPTION,IS_DELETED,PAYMENT_STATUS) values (1,'Ferrari 488','Red','Ferrari','FEG899',2,'Regular',2,1,1001,6000,'Sports Car','Ferrari','The world''s latest ferrari with insane speed. The best and budget friendly car. Rent Now!',0,2);
Insert into DRIVESATION.CAR (CAR_ID,CAR_MODEL,CAR_COLOR,CAR_BRAND,PLATE_NUMBER,SEAT_CAPACITY,GAS_TYPE,AVAILABILITY_STATUS,STATUS,OWNER_ID,AMOUNT,CAR_TYPE,CAR_TITLE,CAR_DESCRIPTION,IS_DELETED,PAYMENT_STATUS) values (3,'Toyota Highlander 2022','Gray','Toyota','ABC1234',7,'Regular Unleaded',0,0,1003,3000,'SUV','ToyotaSUV','No issues, working well',0,4);
Insert into DRIVESATION.CAR (CAR_ID,CAR_MODEL,CAR_COLOR,CAR_BRAND,PLATE_NUMBER,SEAT_CAPACITY,GAS_TYPE,AVAILABILITY_STATUS,STATUS,OWNER_ID,AMOUNT,CAR_TYPE,CAR_TITLE,CAR_DESCRIPTION,IS_DELETED,PAYMENT_STATUS) values (4,'Honda Civic 2023','Red','Honda','XYZ9876',5,'Premium Unleaded',0,0,1004,3500,'Coupe','Honda Civic','No issues, Working well.',0,1);
REM INSERTING into DRIVESATION.DOCUMENT
SET DEFINE OFF;
Insert into DRIVESATION.DOCUMENT (DOCUMENT_ID,DOCUMENT_NAME,DOCUMENT_TYPE,FILE_LINK,USER_ID,CAR_ID) values (34,'1_payment_proof-20240515020042.jpg','payment_proof','uploads/car/1/1_payment_proof-20240515020042.jpg',null,1);
Insert into DRIVESATION.DOCUMENT (DOCUMENT_ID,DOCUMENT_NAME,DOCUMENT_TYPE,FILE_LINK,USER_ID,CAR_ID) values (13,'1003_drivers_license-20240514171059.jpg','drivers_license','uploads/1003/1003_drivers_license-20240514171059.jpg',1003,null);
Insert into DRIVESATION.DOCUMENT (DOCUMENT_ID,DOCUMENT_NAME,DOCUMENT_TYPE,FILE_LINK,USER_ID,CAR_ID) values (14,'1003_proof_of_billing-20240514171059.png','proof_of_billing','uploads/1003/1003_proof_of_billing-20240514171059.png',1003,null);
Insert into DRIVESATION.DOCUMENT (DOCUMENT_ID,DOCUMENT_NAME,DOCUMENT_TYPE,FILE_LINK,USER_ID,CAR_ID) values (15,'1003_selfie_with_id-20240514171059.jpg','selfie_with_id','uploads/1003/1003_selfie_with_id-20240514171059.jpg',1003,null);
Insert into DRIVESATION.DOCUMENT (DOCUMENT_ID,DOCUMENT_NAME,DOCUMENT_TYPE,FILE_LINK,USER_ID,CAR_ID) values (35,'1006_profile_picture-20240515041604.jpg','profile_picture','uploads/1006/1006_profile_picture-20240515041604.jpg',1006,null);
Insert into DRIVESATION.DOCUMENT (DOCUMENT_ID,DOCUMENT_NAME,DOCUMENT_TYPE,FILE_LINK,USER_ID,CAR_ID) values (36,'1006_valid_id-20240515041604.jpg','valid_id','uploads/1006/1006_valid_id-20240515041604.jpg',1006,null);
Insert into DRIVESATION.DOCUMENT (DOCUMENT_ID,DOCUMENT_NAME,DOCUMENT_TYPE,FILE_LINK,USER_ID,CAR_ID) values (37,'1006_drivers_license-20240515041604.jpg','drivers_license','uploads/1006/1006_drivers_license-20240515041604.jpg',1006,null);
Insert into DRIVESATION.DOCUMENT (DOCUMENT_ID,DOCUMENT_NAME,DOCUMENT_TYPE,FILE_LINK,USER_ID,CAR_ID) values (38,'1006_proof_of_billing-20240515041604.jpg','proof_of_billing','uploads/1006/1006_proof_of_billing-20240515041604.jpg',1006,null);
Insert into DRIVESATION.DOCUMENT (DOCUMENT_ID,DOCUMENT_NAME,DOCUMENT_TYPE,FILE_LINK,USER_ID,CAR_ID) values (39,'1006_selfie_with_id-20240515041604.jpg','selfie_with_id','uploads/1006/1006_selfie_with_id-20240515041604.jpg',1006,null);
Insert into DRIVESATION.DOCUMENT (DOCUMENT_ID,DOCUMENT_NAME,DOCUMENT_TYPE,FILE_LINK,USER_ID,CAR_ID) values (11,'1003_profile_picture-20240514171059.jpg','profile_picture','uploads/1003/1003_profile_picture-20240514171059.jpg',1003,null);
Insert into DRIVESATION.DOCUMENT (DOCUMENT_ID,DOCUMENT_NAME,DOCUMENT_TYPE,FILE_LINK,USER_ID,CAR_ID) values (12,'1003_valid_id-20240514171059.jpg','valid_id','uploads/1003/1003_valid_id-20240514171059.jpg',1003,null);
Insert into DRIVESATION.DOCUMENT (DOCUMENT_ID,DOCUMENT_NAME,DOCUMENT_TYPE,FILE_LINK,USER_ID,CAR_ID) values (3,'1001_drivers_license-20240514170824.jpg','drivers_license','uploads/1001/1001_drivers_license-20240514170824.jpg',1001,null);
Insert into DRIVESATION.DOCUMENT (DOCUMENT_ID,DOCUMENT_NAME,DOCUMENT_TYPE,FILE_LINK,USER_ID,CAR_ID) values (4,'1001_proof_of_billing-20240514170824.jpg','proof_of_billing','uploads/1001/1001_proof_of_billing-20240514170824.jpg',1001,null);
Insert into DRIVESATION.DOCUMENT (DOCUMENT_ID,DOCUMENT_NAME,DOCUMENT_TYPE,FILE_LINK,USER_ID,CAR_ID) values (5,'1001_selfie_with_id-20240514170824.jpg','selfie_with_id','uploads/1001/1001_selfie_with_id-20240514170824.jpg',1001,null);
Insert into DRIVESATION.DOCUMENT (DOCUMENT_ID,DOCUMENT_NAME,DOCUMENT_TYPE,FILE_LINK,USER_ID,CAR_ID) values (1,'1001_profile_picture-20240514170824.jpg','profile_picture','uploads/1001/1001_profile_picture-20240514170824.jpg',1001,null);
Insert into DRIVESATION.DOCUMENT (DOCUMENT_ID,DOCUMENT_NAME,DOCUMENT_TYPE,FILE_LINK,USER_ID,CAR_ID) values (2,'1001_valid_id-20240514170824.jpg','valid_id','uploads/1001/1001_valid_id-20240514170824.jpg',1001,null);
Insert into DRIVESATION.DOCUMENT (DOCUMENT_ID,DOCUMENT_NAME,DOCUMENT_TYPE,FILE_LINK,USER_ID,CAR_ID) values (6,'1002_profile_picture-20240514171034.jpg','profile_picture','uploads/1002/1002_profile_picture-20240514171034.jpg',1002,null);
Insert into DRIVESATION.DOCUMENT (DOCUMENT_ID,DOCUMENT_NAME,DOCUMENT_TYPE,FILE_LINK,USER_ID,CAR_ID) values (7,'1002_valid_id-20240514171034.jpg','valid_id','uploads/1002/1002_valid_id-20240514171034.jpg',1002,null);
Insert into DRIVESATION.DOCUMENT (DOCUMENT_ID,DOCUMENT_NAME,DOCUMENT_TYPE,FILE_LINK,USER_ID,CAR_ID) values (8,'1002_drivers_license-20240514171034.jpg','drivers_license','uploads/1002/1002_drivers_license-20240514171034.jpg',1002,null);
Insert into DRIVESATION.DOCUMENT (DOCUMENT_ID,DOCUMENT_NAME,DOCUMENT_TYPE,FILE_LINK,USER_ID,CAR_ID) values (9,'1002_proof_of_billing-20240514171034.png','proof_of_billing','uploads/1002/1002_proof_of_billing-20240514171034.png',1002,null);
Insert into DRIVESATION.DOCUMENT (DOCUMENT_ID,DOCUMENT_NAME,DOCUMENT_TYPE,FILE_LINK,USER_ID,CAR_ID) values (10,'1002_selfie_with_id-20240514171034.jpg','selfie_with_id','uploads/1002/1002_selfie_with_id-20240514171034.jpg',1002,null);
Insert into DRIVESATION.DOCUMENT (DOCUMENT_ID,DOCUMENT_NAME,DOCUMENT_TYPE,FILE_LINK,USER_ID,CAR_ID) values (16,'1004_profile_picture-20240514171833.jpg','profile_picture','uploads/1004/1004_profile_picture-20240514171833.jpg',1004,null);
Insert into DRIVESATION.DOCUMENT (DOCUMENT_ID,DOCUMENT_NAME,DOCUMENT_TYPE,FILE_LINK,USER_ID,CAR_ID) values (17,'1004_valid_id-20240514171834.jpg','valid_id','uploads/1004/1004_valid_id-20240514171834.jpg',1004,null);
Insert into DRIVESATION.DOCUMENT (DOCUMENT_ID,DOCUMENT_NAME,DOCUMENT_TYPE,FILE_LINK,USER_ID,CAR_ID) values (18,'1004_drivers_license-20240514171834.jpg','drivers_license','uploads/1004/1004_drivers_license-20240514171834.jpg',1004,null);
Insert into DRIVESATION.DOCUMENT (DOCUMENT_ID,DOCUMENT_NAME,DOCUMENT_TYPE,FILE_LINK,USER_ID,CAR_ID) values (19,'1004_proof_of_billing-20240514171834.png','proof_of_billing','uploads/1004/1004_proof_of_billing-20240514171834.png',1004,null);
Insert into DRIVESATION.DOCUMENT (DOCUMENT_ID,DOCUMENT_NAME,DOCUMENT_TYPE,FILE_LINK,USER_ID,CAR_ID) values (20,'1004_selfie_with_id-20240514171834.jpg','selfie_with_id','uploads/1004/1004_selfie_with_id-20240514171834.jpg',1004,null);
Insert into DRIVESATION.DOCUMENT (DOCUMENT_ID,DOCUMENT_NAME,DOCUMENT_TYPE,FILE_LINK,USER_ID,CAR_ID) values (26,'1_orcr-20240514172405.jpg','orcr','uploads/car/1/1_orcr-20240514172405.jpg',null,1);
Insert into DRIVESATION.DOCUMENT (DOCUMENT_ID,DOCUMENT_NAME,DOCUMENT_TYPE,FILE_LINK,USER_ID,CAR_ID) values (27,'1_car_image-20240514172405.jpg','car_image','uploads/car/1/1_car_image-20240514172405.jpg',null,1);
Insert into DRIVESATION.DOCUMENT (DOCUMENT_ID,DOCUMENT_NAME,DOCUMENT_TYPE,FILE_LINK,USER_ID,CAR_ID) values (28,'2_orcr-20240514173228.jpg','orcr','uploads/car/2/2_orcr-20240514173228.jpg',null,2);
Insert into DRIVESATION.DOCUMENT (DOCUMENT_ID,DOCUMENT_NAME,DOCUMENT_TYPE,FILE_LINK,USER_ID,CAR_ID) values (29,'2_car_image-20240514173228.png','car_image','uploads/car/2/2_car_image-20240514173228.png',null,2);
Insert into DRIVESATION.DOCUMENT (DOCUMENT_ID,DOCUMENT_NAME,DOCUMENT_TYPE,FILE_LINK,USER_ID,CAR_ID) values (30,'3_orcr-20240514174848.jpg','orcr','uploads/car/3/3_orcr-20240514174848.jpg',null,3);
Insert into DRIVESATION.DOCUMENT (DOCUMENT_ID,DOCUMENT_NAME,DOCUMENT_TYPE,FILE_LINK,USER_ID,CAR_ID) values (31,'3_car_image-20240514174848.jpg','car_image','uploads/car/3/3_car_image-20240514174848.jpg',null,3);
Insert into DRIVESATION.DOCUMENT (DOCUMENT_ID,DOCUMENT_NAME,DOCUMENT_TYPE,FILE_LINK,USER_ID,CAR_ID) values (32,'4_orcr-20240514175538.jpg','orcr','uploads/car/4/4_orcr-20240514175538.jpg',null,4);
Insert into DRIVESATION.DOCUMENT (DOCUMENT_ID,DOCUMENT_NAME,DOCUMENT_TYPE,FILE_LINK,USER_ID,CAR_ID) values (33,'4_car_image-20240514175538.jpg','car_image','uploads/car/4/4_car_image-20240514175538.jpg',null,4);
REM INSERTING into DRIVESATION.RATE
SET DEFINE OFF;
Insert into DRIVESATION.RATE (RATE_ID,CAR_ID,USER_ID,RATE_COUNT,RATE_COMMENT,RATE_TIME) values (1,1,1002,4,'Fast transaction. Recommended car.',to_timestamp('15-MAY-24 07.25.41.764000000 AM','DD-MON-RR HH.MI.SSXFF AM'));
Insert into DRIVESATION.RATE (RATE_ID,CAR_ID,USER_ID,RATE_COUNT,RATE_COMMENT,RATE_TIME) values (2,2,1006,5,null,to_timestamp('15-MAY-24 10.29.50.397000000 AM','DD-MON-RR HH.MI.SSXFF AM'));
REM INSERTING into DRIVESATION.RENT
SET DEFINE OFF;
Insert into DRIVESATION.RENT (RENT_ID,USER_ID,OWNER_ID,CAR_ID,PICK_UP_TIME,RENT_DATE_FROM,RENT_DATE_TO,STATUS,TRANSACTION_DATE) values (10002,1001,1002,2,'20:30',to_date('16-MAY-24','DD-MON-RR'),to_date('19-MAY-24','DD-MON-RR'),2,to_timestamp('15-MAY-24 08.30.04.062000000 AM','DD-MON-RR HH.MI.SSXFF AM'));
Insert into DRIVESATION.RENT (RENT_ID,USER_ID,OWNER_ID,CAR_ID,PICK_UP_TIME,RENT_DATE_FROM,RENT_DATE_TO,STATUS,TRANSACTION_DATE) values (10001,1004,1001,1,'08:29',to_date('16-MAY-24','DD-MON-RR'),to_date('17-MAY-24','DD-MON-RR'),3,to_timestamp('15-MAY-24 08.26.26.625000000 AM','DD-MON-RR HH.MI.SSXFF AM'));
Insert into DRIVESATION.RENT (RENT_ID,USER_ID,OWNER_ID,CAR_ID,PICK_UP_TIME,RENT_DATE_FROM,RENT_DATE_TO,STATUS,TRANSACTION_DATE) values (10003,1006,1002,2,'10:24',to_date('15-MAY-24','DD-MON-RR'),to_date('16-MAY-24','DD-MON-RR'),8,to_timestamp('15-MAY-24 10.25.34.813000000 AM','DD-MON-RR HH.MI.SSXFF AM'));
Insert into DRIVESATION.RENT (RENT_ID,USER_ID,OWNER_ID,CAR_ID,PICK_UP_TIME,RENT_DATE_FROM,RENT_DATE_TO,STATUS,TRANSACTION_DATE) values (10000,1002,1001,1,'07:20',to_date('16-MAY-24','DD-MON-RR'),to_date('19-MAY-24','DD-MON-RR'),2,to_timestamp('15-MAY-24 07.20.58.212000000 AM','DD-MON-RR HH.MI.SSXFF AM'));
REM INSERTING into DRIVESATION."USER"
SET DEFINE OFF;
Insert into DRIVESATION."USER" (USER_ID,FIRST_NAME,LAST_NAME,MIDDLE_NAME,CONTACT_NUMBER,ADDRESS,GENDER,EMAIL_ADDRESS,PASSWORD,USER_ROLE,STATUS,BIRTHDATE,FREE_TRIAL) values (1000,'admin',null,null,null,null,null,'admin','admin',1,1,null,1);
Insert into DRIVESATION."USER" (USER_ID,FIRST_NAME,LAST_NAME,MIDDLE_NAME,CONTACT_NUMBER,ADDRESS,GENDER,EMAIL_ADDRESS,PASSWORD,USER_ROLE,STATUS,BIRTHDATE,FREE_TRIAL) values (1003,'Kenneth Carl','Grulla','Enciso',9564977125,'186 Rosal Street Barangay Pasong Tamo Quezon City',0,'kenneth@gmail.com','kennethcarl',0,1,to_date('26-FEB-04','DD-MON-RR'),0);
Insert into DRIVESATION."USER" (USER_ID,FIRST_NAME,LAST_NAME,MIDDLE_NAME,CONTACT_NUMBER,ADDRESS,GENDER,EMAIL_ADDRESS,PASSWORD,USER_ROLE,STATUS,BIRTHDATE,FREE_TRIAL) values (1006,'patrick','taladtad','alajero',9606320350,'bagong silangan',0,'taladtad.patrick.alajero@gmail.com','12345678',0,1,to_date('15-MAY-06','DD-MON-RR'),1);
Insert into DRIVESATION."USER" (USER_ID,FIRST_NAME,LAST_NAME,MIDDLE_NAME,CONTACT_NUMBER,ADDRESS,GENDER,EMAIL_ADDRESS,PASSWORD,USER_ROLE,STATUS,BIRTHDATE,FREE_TRIAL) values (1001,'Ivan Ren ','Villamora','Manguiat',9916820831,'Blk. 12 Lot 19 Area D Sitio 4 Pechayan St. Caloocan City',0,'villamoraivanren@gmail.com','ivanrenvillamora',0,1,to_date('13-FEB-04','DD-MON-RR'),0);
Insert into DRIVESATION."USER" (USER_ID,FIRST_NAME,LAST_NAME,MIDDLE_NAME,CONTACT_NUMBER,ADDRESS,GENDER,EMAIL_ADDRESS,PASSWORD,USER_ROLE,STATUS,BIRTHDATE,FREE_TRIAL) values (1002,'Mark Nelzon','Jamolin','Pesic',9555269280,'245  Don Fabian St.',0,'jamolin.marknelzon.pesic1@gmail.com','12345678',0,1,to_date('11-AUG-02','DD-MON-RR'),0);
Insert into DRIVESATION."USER" (USER_ID,FIRST_NAME,LAST_NAME,MIDDLE_NAME,CONTACT_NUMBER,ADDRESS,GENDER,EMAIL_ADDRESS,PASSWORD,USER_ROLE,STATUS,BIRTHDATE,FREE_TRIAL) values (1004,'Justine','Mendiola','Garcia',9276207689,'#5 Nenita extension, Brgy. Gulod, Novaliches, Quezon City',0,'mendiolajustine@gmail.com','12345678',0,1,to_date('24-DEC-03','DD-MON-RR'),0);
--------------------------------------------------------
--  DDL for Index SYS_C008336
--------------------------------------------------------

  CREATE UNIQUE INDEX "DRIVESATION"."SYS_C008336" ON "DRIVESATION"."CAR" ("CAR_ID") 
  PCTFREE 10 INITRANS 2 MAXTRANS 255 COMPUTE STATISTICS 
  STORAGE(INITIAL 65536 NEXT 1048576 MINEXTENTS 1 MAXEXTENTS 2147483645
  PCTINCREASE 0 FREELISTS 1 FREELIST GROUPS 1
  BUFFER_POOL DEFAULT FLASH_CACHE DEFAULT CELL_FLASH_CACHE DEFAULT)
  TABLESPACE "USERS" ;
--------------------------------------------------------
--  DDL for Index SYS_C008339
--------------------------------------------------------

  CREATE UNIQUE INDEX "DRIVESATION"."SYS_C008339" ON "DRIVESATION"."DOCUMENT" ("DOCUMENT_ID") 
  PCTFREE 10 INITRANS 2 MAXTRANS 255 COMPUTE STATISTICS 
  STORAGE(INITIAL 65536 NEXT 1048576 MINEXTENTS 1 MAXEXTENTS 2147483645
  PCTINCREASE 0 FREELISTS 1 FREELIST GROUPS 1
  BUFFER_POOL DEFAULT FLASH_CACHE DEFAULT CELL_FLASH_CACHE DEFAULT)
  TABLESPACE "USERS" ;
--------------------------------------------------------
--  DDL for Index SYS_C008353
--------------------------------------------------------

  CREATE UNIQUE INDEX "DRIVESATION"."SYS_C008353" ON "DRIVESATION"."RATE" ("RATE_ID") 
  PCTFREE 10 INITRANS 2 MAXTRANS 255 COMPUTE STATISTICS 
  STORAGE(INITIAL 65536 NEXT 1048576 MINEXTENTS 1 MAXEXTENTS 2147483645
  PCTINCREASE 0 FREELISTS 1 FREELIST GROUPS 1
  BUFFER_POOL DEFAULT FLASH_CACHE DEFAULT CELL_FLASH_CACHE DEFAULT)
  TABLESPACE "USERS" ;
--------------------------------------------------------
--  DDL for Index SYS_C008338
--------------------------------------------------------

  CREATE UNIQUE INDEX "DRIVESATION"."SYS_C008338" ON "DRIVESATION"."RENT" ("RENT_ID") 
  PCTFREE 10 INITRANS 2 MAXTRANS 255 COMPUTE STATISTICS 
  STORAGE(INITIAL 65536 NEXT 1048576 MINEXTENTS 1 MAXEXTENTS 2147483645
  PCTINCREASE 0 FREELISTS 1 FREELIST GROUPS 1
  BUFFER_POOL DEFAULT FLASH_CACHE DEFAULT CELL_FLASH_CACHE DEFAULT)
  TABLESPACE "USERS" ;
--------------------------------------------------------
--  DDL for Index UNIQUE_EMAIL
--------------------------------------------------------

  CREATE UNIQUE INDEX "DRIVESATION"."UNIQUE_EMAIL" ON "DRIVESATION"."USER" ("EMAIL_ADDRESS") 
  PCTFREE 10 INITRANS 2 MAXTRANS 255 COMPUTE STATISTICS 
  STORAGE(INITIAL 65536 NEXT 1048576 MINEXTENTS 1 MAXEXTENTS 2147483645
  PCTINCREASE 0 FREELISTS 1 FREELIST GROUPS 1
  BUFFER_POOL DEFAULT FLASH_CACHE DEFAULT CELL_FLASH_CACHE DEFAULT)
  TABLESPACE "USERS" ;
--------------------------------------------------------
--  DDL for Index SYS_C008340
--------------------------------------------------------

  CREATE UNIQUE INDEX "DRIVESATION"."SYS_C008340" ON "DRIVESATION"."USER" ("USER_ID") 
  PCTFREE 10 INITRANS 2 MAXTRANS 255 COMPUTE STATISTICS 
  STORAGE(INITIAL 65536 NEXT 1048576 MINEXTENTS 1 MAXEXTENTS 2147483645
  PCTINCREASE 0 FREELISTS 1 FREELIST GROUPS 1
  BUFFER_POOL DEFAULT FLASH_CACHE DEFAULT CELL_FLASH_CACHE DEFAULT)
  TABLESPACE "USERS" ;
--------------------------------------------------------
--  Constraints for Table CAR
--------------------------------------------------------

  ALTER TABLE "DRIVESATION"."CAR" ADD PRIMARY KEY ("CAR_ID")
  USING INDEX PCTFREE 10 INITRANS 2 MAXTRANS 255 COMPUTE STATISTICS 
  STORAGE(INITIAL 65536 NEXT 1048576 MINEXTENTS 1 MAXEXTENTS 2147483645
  PCTINCREASE 0 FREELISTS 1 FREELIST GROUPS 1
  BUFFER_POOL DEFAULT FLASH_CACHE DEFAULT CELL_FLASH_CACHE DEFAULT)
  TABLESPACE "USERS"  ENABLE;
--------------------------------------------------------
--  Constraints for Table DOCUMENT
--------------------------------------------------------

  ALTER TABLE "DRIVESATION"."DOCUMENT" ADD PRIMARY KEY ("DOCUMENT_ID")
  USING INDEX PCTFREE 10 INITRANS 2 MAXTRANS 255 COMPUTE STATISTICS 
  STORAGE(INITIAL 65536 NEXT 1048576 MINEXTENTS 1 MAXEXTENTS 2147483645
  PCTINCREASE 0 FREELISTS 1 FREELIST GROUPS 1
  BUFFER_POOL DEFAULT FLASH_CACHE DEFAULT CELL_FLASH_CACHE DEFAULT)
  TABLESPACE "USERS"  ENABLE;
--------------------------------------------------------
--  Constraints for Table RATE
--------------------------------------------------------

  ALTER TABLE "DRIVESATION"."RATE" ADD PRIMARY KEY ("RATE_ID")
  USING INDEX PCTFREE 10 INITRANS 2 MAXTRANS 255 COMPUTE STATISTICS 
  STORAGE(INITIAL 65536 NEXT 1048576 MINEXTENTS 1 MAXEXTENTS 2147483645
  PCTINCREASE 0 FREELISTS 1 FREELIST GROUPS 1
  BUFFER_POOL DEFAULT FLASH_CACHE DEFAULT CELL_FLASH_CACHE DEFAULT)
  TABLESPACE "USERS"  ENABLE;
--------------------------------------------------------
--  Constraints for Table RENT
--------------------------------------------------------

  ALTER TABLE "DRIVESATION"."RENT" ADD PRIMARY KEY ("RENT_ID")
  USING INDEX PCTFREE 10 INITRANS 2 MAXTRANS 255 COMPUTE STATISTICS 
  STORAGE(INITIAL 65536 NEXT 1048576 MINEXTENTS 1 MAXEXTENTS 2147483645
  PCTINCREASE 0 FREELISTS 1 FREELIST GROUPS 1
  BUFFER_POOL DEFAULT FLASH_CACHE DEFAULT CELL_FLASH_CACHE DEFAULT)
  TABLESPACE "USERS"  ENABLE;
--------------------------------------------------------
--  Constraints for Table USER
--------------------------------------------------------

  ALTER TABLE "DRIVESATION"."USER" ADD PRIMARY KEY ("USER_ID")
  USING INDEX PCTFREE 10 INITRANS 2 MAXTRANS 255 COMPUTE STATISTICS 
  STORAGE(INITIAL 65536 NEXT 1048576 MINEXTENTS 1 MAXEXTENTS 2147483645
  PCTINCREASE 0 FREELISTS 1 FREELIST GROUPS 1
  BUFFER_POOL DEFAULT FLASH_CACHE DEFAULT CELL_FLASH_CACHE DEFAULT)
  TABLESPACE "USERS"  ENABLE;
  ALTER TABLE "DRIVESATION"."USER" ADD CONSTRAINT "UNIQUE_EMAIL" UNIQUE ("EMAIL_ADDRESS")
  USING INDEX PCTFREE 10 INITRANS 2 MAXTRANS 255 COMPUTE STATISTICS 
  STORAGE(INITIAL 65536 NEXT 1048576 MINEXTENTS 1 MAXEXTENTS 2147483645
  PCTINCREASE 0 FREELISTS 1 FREELIST GROUPS 1
  BUFFER_POOL DEFAULT FLASH_CACHE DEFAULT CELL_FLASH_CACHE DEFAULT)
  TABLESPACE "USERS"  ENABLE;
--------------------------------------------------------
--  Ref Constraints for Table CAR
--------------------------------------------------------

  ALTER TABLE "DRIVESATION"."CAR" ADD CONSTRAINT "FK_OWNER" FOREIGN KEY ("OWNER_ID")
	  REFERENCES "DRIVESATION"."USER" ("USER_ID") ENABLE;
--------------------------------------------------------
--  Ref Constraints for Table DOCUMENT
--------------------------------------------------------

  ALTER TABLE "DRIVESATION"."DOCUMENT" ADD CONSTRAINT "FK_CAR_DOCUMENTS" FOREIGN KEY ("CAR_ID")
	  REFERENCES "DRIVESATION"."CAR" ("CAR_ID") ON DELETE CASCADE ENABLE;
  ALTER TABLE "DRIVESATION"."DOCUMENT" ADD CONSTRAINT "FK_USER_DOCUMENTS" FOREIGN KEY ("USER_ID")
	  REFERENCES "DRIVESATION"."USER" ("USER_ID") ENABLE;
--------------------------------------------------------
--  Ref Constraints for Table RATE
--------------------------------------------------------

  ALTER TABLE "DRIVESATION"."RATE" ADD FOREIGN KEY ("CAR_ID")
	  REFERENCES "DRIVESATION"."CAR" ("CAR_ID") ENABLE;
  ALTER TABLE "DRIVESATION"."RATE" ADD FOREIGN KEY ("USER_ID")
	  REFERENCES "DRIVESATION"."USER" ("USER_ID") ENABLE;
--------------------------------------------------------
--  Ref Constraints for Table RENT
--------------------------------------------------------

  ALTER TABLE "DRIVESATION"."RENT" ADD CONSTRAINT "FK_RENTER" FOREIGN KEY ("USER_ID")
	  REFERENCES "DRIVESATION"."USER" ("USER_ID") ENABLE;
  ALTER TABLE "DRIVESATION"."RENT" ADD CONSTRAINT "FK_BORROWER" FOREIGN KEY ("OWNER_ID")
	  REFERENCES "DRIVESATION"."USER" ("USER_ID") ENABLE;
  ALTER TABLE "DRIVESATION"."RENT" ADD CONSTRAINT "FK_CAR" FOREIGN KEY ("CAR_ID")
	  REFERENCES "DRIVESATION"."CAR" ("CAR_ID") ENABLE;
